{"files":{"index.html":{"frameworks":["bootstrap4.0","pg.insight.events","pg.asset.manager","pg.project.items","pg.code-validator","pg.image.overlay","bs4","pg.html","pg.components"],"last_page_width":1468},"carousel.html":{"frameworks":["bootstrap4.0","pg.insight.events","pg.image.overlay","pg.code-validator","pg.project.items","pg.asset.manager","bs4","pg.html","pg.components"],"last_page_width":1738},"interna.html":{"frameworks":["bootstrap4.0","pg.css.grid","pg.insight.events","pg.asset.manager","pg.project.items","pg.code-validator","pg.image.overlay","bs4","pg.html","pg.components"],"last_page_width":1024}},"breakpoints":["40em","62em"],"frameworks":["bootstrap4.0","pg.css.grid","pg.insight.events","pg.asset.manager","pg.project.items","pg.code-validator","pg.image.overlay","bs4","pg.html","pg.components"]}